Workbook

Sheet Fiche décompte
A1: FICHE DE DECOMPTE DU GROUPEMENT SERTEM / DIASS INDUSTRIES — Décompte n°14
A2: Travaux d'aménagement de voiries et réseaux divers et de construction d'infrastructures structurantes de la ZESID (montants en FCFA / XOF)
A3: Taux de TVA | B3: 0.18 | C3: ← hypothèse modifiable, utilisée par toutes les colonnes de TVA éclatée
A4: Source : fiche de décompte n°14 SERTEM/DIASS (PDF). Montants en bleu = saisis depuis la fiche ; noir = formules.
F6: SERTEM GROUP SASU | H6: DIASS INDUSTRIES SARL | M6: TVA ÉCLATÉE (taux × part HT/HD) | S6: CONTRÔLES
A7: Date | B7: Libellé (APIX/DISEZ) | C7: Catégorie | D7: N° facture | E7: Montant total HT/HD | F7: Part État HT/HD 5% | G7: Part BOAD HT/HD 95% | H7: Part État HT/HD 5% | I7: Part BOAD HT/HD 95% | J7: Droits de douane | K7: Montant TVA (fiche) | L7: Montant TTC (fiche) | M7: TVA SERTEM État | N7: TVA SERTEM BOAD | O7: TVA DIASS État | P7: TVA DIASS BOAD | Q7: TVA SERTEM | R7: TVA DIASS | S7: Écart TVA (éclatée − fiche) | T7: Écart TTC (fiche − HT − TVA)
B8: Montant du contrat | C8: Contrat | E8: 27747000000 | F8: 971145000 | G8: 18451755000 | H8: 416205000 | I8: 7907895000 | J8: 1466629384 | K8: 5258453289 | L8: 34472082673 | M8: =ROUND(F8*$B$3,0) -> 174806100 | N8: =ROUND(G8*$B$3,0) -> 3321315900 | O8: =ROUND(H8*$B$3,0) -> 74916900 | P8: =ROUND(I8*$B$3,0) -> 1423421100 | Q8: =M8+N8 -> 3496122000 | R8: =O8+P8 -> 1498338000 | S8: =Q8+R8-K8 -> -263993289 | T8: =IF(C8="Net à payer","",L8-E8-K8-IF(C8="Contrat",J8,0)) -> 0
A9: 45218 | B9: Avance de démarrage 20% | C9: Avance démarrage | D9: 2023/ZESID/TVX - 01 | E9: 5549400000 | F9: 194229000 | G9: 3690351000 | H9: 83241000 | I9: 1581579000 | J9: 0 | K9: 998892000 | L9: 6548292000 | M9: =ROUND(F9*$B$3,0) -> 34961220 | N9: =ROUND(G9*$B$3,0) -> 664263180 | O9: =ROUND(H9*$B$3,0) -> 14983380 | P9: =ROUND(I9*$B$3,0) -> 284684220 | Q9: =M9+N9 -> 699224400 | R9: =O9+P9 -> 299667600 | S9: =Q9+R9-K9 -> 0 | T9: =IF(C9="Net à payer","",L9-E9-K9-IF(C9="Contrat",J9,0)) -> 0
B10: NET A PAYER | C10: Net à payer | E10: 5549400000 | F10: 194229000 | G10: 3690351000 | H10: 83241000 | I10: 1581579000 | J10: 0 | K10: 998892000 | L10: 6548292000 | M10: =ROUND(F10*$B$3,0) -> 34961220 | N10: =ROUND(G10*$B$3,0) -> 664263180 | O10: =ROUND(H10*$B$3,0) -> 14983380 | P10: =ROUND(I10*$B$3,0) -> 284684220 | Q10: =M10+N10 -> 699224400 | R10: =O10+P10 -> 299667600 | S10: =Q10+R10-K10 -> 0 | T10: =IF(C10="Net à payer","",L10-E10-K10-IF(C10="Contrat",J10,0))
A11: 45366 | B11: Décompte 01 | C11: Décompte | D11: 2024/ZESID/TVX - 03 | E11: 739323172 | F11: 35161028 | G11: 668059532 | H11: 1805131 | I11: 34297481 | J11: 0 | K11: 133078171 | L11: 872401343 | M11: =ROUND(F11*$B$3,0) -> 6328985 | N11: =ROUND(G11*$B$3,0) -> 120250716 | O11: =ROUND(H11*$B$3,0) -> 324924 | P11: =ROUND(I11*$B$3,0) -> 6173547 | Q11: =M11+N11 -> 126579701 | R11: =O11+P11 -> 6498471 | S11: =Q11+R11-K11 -> 1 | T11: =IF(C11="Net à payer","",L11-E11-K11-IF(C11="Contrat",J11,0)) -> 0
A12: 45366 | B12: Remboursement avance de démarrage Décompte 01 | C12: Remb. avance démarrage | D12: 2024/ZESID/TVX - 03 | E12: 184830793 | F12: 8790257 | G12: 167014883 | H12: 451283 | I12: 8574370 | J12: 0 | K12: 31599292 | L12: 207150914 | M12: =ROUND(F12*$B$3,0) -> 1582246 | N12: =ROUND(G12*$B$3,0) -> 30062679 | O12: =ROUND(H12*$B$3,0) -> 81231 | P12: =ROUND(I12*$B$3,0) -> 1543387 | Q12: =M12+N12 -> 31644925 | R12: =O12+P12 -> 1624618 | S12: =Q12+R12-K12 -> 1670251 | T12: =IF(C12="Net à payer","",L12-E12-K12-IF(C12="Contrat",J12,0)) -> -9279171
A13: 45366 | B13: Retenue de garantie Décompte 01 | C13: Retenue de garantie | D13: 2024/ZESID/TVX - 03 | E13: 36966159 | F13: 1758051 | G13: 33402977 | H13: 90257 | I13: 1714874 | J13: 0 | K13: 6653909 | L13: 43620067 | M13: =ROUND(F13*$B$3,0) -> 316449 | N13: =ROUND(G13*$B$3,0) -> 6012536 | O13: =ROUND(H13*$B$3,0) -> 16246 | P13: =ROUND(I13*$B$3,0) -> 308677 | Q13: =M13+N13 -> 6328985 | R13: =O13+P13 -> 324923 | S13: =Q13+R13-K13 -> -1 | T13: =IF(C13="Net à payer","",L13-E13-K13-IF(C13="Contrat",J13,0)) -> -1
B14: NET A PAYER DECOMPTE 01 | C14: Net à payer | E14: 517526220 | F14: 24612720 | G14: 467641672 | H14: 1263591 | I14: 24008237 | J14: 0 | K14: 94824971 | L14: 621630362 | M14: =ROUND(F14*$B$3,0) -> 4430290 | N14: =ROUND(G14*$B$3,0) -> 84175501 | O14: =ROUND(H14*$B$3,0) -> 227446 | P14: =ROUND(I14*$B$3,0) -> 4321483 | Q14: =M14+N14 -> 88605791 | R14: =O14+P14 -> 4548929 | S14: =Q14+R14-K14 -> -1670251 | T14: =IF(C14="Net à payer","",L14-E14-K14-IF(C14="Contrat",J14,0))
A15: 45436 | B15: Décompte 02 | C15: Décompte | D15: 2024/ZESID/TVX - 05 | E15: 483038765 | F15: 22820412 | G15: 433587825 | H15: 1331526 | I15: 25299002 | J15: 0 | K15: 86946978 | L15: 569985743 | M15: =ROUND(F15*$B$3,0) -> 4107674 | N15: =ROUND(G15*$B$3,0) -> 78045809 | O15: =ROUND(H15*$B$3,0) -> 239675 | P15: =ROUND(I15*$B$3,0) -> 4553820 | Q15: =M15+N15 -> 82153483 | R15: =O15+P15 -> 4793495 | S15: =Q15+R15-K15 -> 0 | T15: =IF(C15="Net à payer","",L15-E15-K15-IF(C15="Contrat",J15,0)) -> 0
A16: 45436 | B16: Remboursement avance de démarrage Décompte 02 | C16: Remb. avance démarrage | D16: 2024/ZESID/TVX - 05 | E16: 120759691 | F16: 5705103 | G16: 108396956 | H16: 332882 | I16: 6324750 | J16: 0 | K16: 21736744 | L16: 35624109 | M16: =ROUND(F16*$B$3,0) -> 1026919 | N16: =ROUND(G16*$B$3,0) -> 19511452 | O16: =ROUND(H16*$B$3,0) -> 59919 | P16: =ROUND(I16*$B$3,0) -> 1138455 | Q16: =M16+N16 -> 20538371 | R16: =O16+P16 -> 1198374 | S16: =Q16+R16-K16 -> 1 | T16: =IF(C16="Net à payer","",L16-E16-K16-IF(C16="Contrat",J16,0)) -> -106872326
A17: 45436 | B17: Retenue de garantie Décompte 02 | C17: Retenue de garantie | D17: 2024/ZESID/TVX - 05 | E17: 24151938 | F17: 1141021 | G17: 21679391 | H17: 66576 | I17: 1264950 | J17: 0 | K17: 4347349 | L17: 28499287 | M17: =ROUND(F17*$B$3,0) -> 205384 | N17: =ROUND(G17*$B$3,0) -> 3902290 | O17: =ROUND(H17*$B$3,0) -> 11984 | P17: =ROUND(I17*$B$3,0) -> 227691 | Q17: =M17+N17 -> 4107674 | R17: =O17+P17 -> 239675 | S17: =Q17+R17-K17 -> 0 | T17: =IF(C17="Net à payer","",L17-E17-K17-IF(C17="Contrat",J17,0)) -> 0
B18: NET A PAYER DECOMPTE 02 | C18: Net à payer | E18: 338127136 | F18: 15974288 | G18: 303511478 | H18: 932068 | I18: 17709301 | J18: 0 | K18: 60862884 | L18: 398990020 | M18: =ROUND(F18*$B$3,0) -> 2875372 | N18: =ROUND(G18*$B$3,0) -> 54632066 | O18: =ROUND(H18*$B$3,0) -> 167772 | P18: =ROUND(I18*$B$3,0) -> 3187674 | Q18: =M18+N18 -> 57507438 | R18: =O18+P18 -> 3355446 | S18: =Q18+R18-K18 -> 0 | T18: =IF(C18="Net à payer","",L18-E18-K18-IF(C18="Contrat",J18,0))
A19: 45467 | B19: Décompte 03 | C19: Décompte | D19: 2024/ZESID/TVX - 06 | E19: 693232949 | F19: 34413464 | G19: 653855815 | H19: 248184 | I19: 4715487 | J19: 0 | K19: 124781931 | L19: 818014880 | M19: =ROUND(F19*$B$3,0) -> 6194424 | N19: =ROUND(G19*$B$3,0) -> 117694047 | O19: =ROUND(H19*$B$3,0) -> 44673 | P19: =ROUND(I19*$B$3,0) -> 848788 | Q19: =M19+N19 -> 123888471 | R19: =O19+P19 -> 893461 | S19: =Q19+R19-K19 -> 1 | T19: =IF(C19="Net à payer","",L19-E19-K19-IF(C19="Contrat",J19,0)) -> 0
A20: 45467 | B20: Remboursement avance de démarrage Décompte 03 | C20: Remb. avance démarrage | D20: 2024/ZESID/TVX - 06 | E20: 173308237 | F20: 8603366 | G20: 163463954 | H20: 62046 | I20: 1178872 | J20: 0 | K20: 31195483 | L20: 204503720 | M20: =ROUND(F20*$B$3,0) -> 1548606 | N20: =ROUND(G20*$B$3,0) -> 29423512 | O20: =ROUND(H20*$B$3,0) -> 11168 | P20: =ROUND(I20*$B$3,0) -> 212197 | Q20: =M20+N20 -> 30972118 | R20: =O20+P20 -> 223365 | S20: =Q20+R20-K20 -> 0 | T20: =IF(C20="Net à payer","",L20-E20-K20-IF(C20="Contrat",J20,0)) -> 0
A21: 45467 | B21: Retenue de garantie Décompte 03 | C21: Retenue de garantie | D21: 2024/ZESID/TVX - 06 | E21: 34661647 | F21: 1720673 | G21: 32692791 | H21: 12409 | I21: 235774 | J21: 0 | K21: 6239097 | L21: 40900744 | M21: =ROUND(F21*$B$3,0) -> 309721 | N21: =ROUND(G21*$B$3,0) -> 5884702 | O21: =ROUND(H21*$B$3,0) -> 2234 | P21: =ROUND(I21*$B$3,0) -> 42439 | Q21: =M21+N21 -> 6194423 | R21: =O21+P21 -> 44673 | S21: =Q21+R21-K21 -> -1 | T21: =IF(C21="Net à payer","",L21-E21-K21-IF(C21="Contrat",J21,0)) -> 0
B22: NET A PAYER DECOMPTE 03 | C22: Net à payer | E22: 485263064 | F22: 24089425 | G22: 457699070 | H22: 173728 | I22: 3300841 | J22: 0 | K22: 87347352 | L22: 572610416 | M22: =ROUND(F22*$B$3,0) -> 4336097 | N22: =ROUND(G22*$B$3,0) -> 82385833 | O22: =ROUND(H22*$B$3,0) -> 31271 | P22: =ROUND(I22*$B$3,0) -> 594151 | Q22: =M22+N22 -> 86721930 | R22: =O22+P22 -> 625422 | S22: =Q22+R22-K22 -> 0 | T22: =IF(C22="Net à payer","",L22-E22-K22-IF(C22="Contrat",J22,0))
A23: 45502 | B23: Décompte 04 | C23: Décompte | D23: 2024/ZESID/TVX - 07 | E23: 420602711 | F23: 20844783 | G23: 396050870 | H23: 185353 | I23: 3521705 | J23: 0 | K23: 75708488 | L23: 496311199 | M23: =ROUND(F23*$B$3,0) -> 3752061 | N23: =ROUND(G23*$B$3,0) -> 71289157 | O23: =ROUND(H23*$B$3,0) -> 33364 | P23: =ROUND(I23*$B$3,0) -> 633907 | Q23: =M23+N23 -> 75041218 | R23: =O23+P23 -> 667271 | S23: =Q23+R23-K23 -> 1 | T23: =IF(C23="Net à payer","",L23-E23-K23-IF(C23="Contrat",J23,0)) -> 0
A24: 45502 | B24: Remboursement avance de démarrage Décompte 04 | C24: Remb. avance démarrage | D24: 2024/ZESID/TVX - 07 | E24: 105150678 | F24: 5211196 | G24: 99012718 | H24: 46338 | I24: 880426 | J24: 0 | K24: 18927122 | L24: 124077800 | M24: =ROUND(F24*$B$3,0) -> 938015 | N24: =ROUND(G24*$B$3,0) -> 17822289 | O24: =ROUND(H24*$B$3,0) -> 8341 | P24: =ROUND(I24*$B$3,0) -> 158477 | Q24: =M24+N24 -> 18760304 | R24: =O24+P24 -> 166818 | S24: =Q24+R24-K24 -> 0 | T24: =IF(C24="Net à payer","",L24-E24-K24-IF(C24="Contrat",J24,0)) -> 0
A25: 45502 | B25: Retenue de garantie Décompte 04 | C25: Retenue de garantie | D25: 2024/ZESID/TVX - 07 | E25: 21030136 | F25: 1042239 | G25: 19802544 | H25: 9268 | I25: 176085 | J25: 0 | K25: 3785424 | L25: 24815560 | M25: =ROUND(F25*$B$3,0) -> 187603 | N25: =ROUND(G25*$B$3,0) -> 3564458 | O25: =ROUND(H25*$B$3,0) -> 1668 | P25: =ROUND(I25*$B$3,0) -> 31695 | Q25: =M25+N25 -> 3752061 | R25: =O25+P25 -> 33363 | S25: =Q25+R25-K25 -> 0 | T25: =IF(C25="Net à payer","",L25-E25-K25-IF(C25="Contrat",J25,0)) -> 0
B26: NET A PAYER DECOMPTE 04 | C26: Net à payer | E26: 294421898 | F26: 14591348 | G26: 277235609 | H26: 129747 | I26: 2465194 | J26: 0 | K26: 52995942 | L26: 347417839 | M26: =ROUND(F26*$B$3,0) -> 2626443 | N26: =ROUND(G26*$B$3,0) -> 49902410 | O26: =ROUND(H26*$B$3,0) -> 23354 | P26: =ROUND(I26*$B$3,0) -> 443735 | Q26: =M26+N26 -> 52528853 | R26: =O26+P26 -> 467089 | S26: =Q26+R26-K26 -> 0 | T26: =IF(C26="Net à payer","",L26-E26-K26-IF(C26="Contrat",J26,0))
A27: 45534 | B27: Décompte 05 | C27: Décompte | D27: 2024/ZESID/TVX - 08 | E27: 508529872 | F27: 24309708 | G27: 461884456 | H27: 1116785 | I27: 21218923 | J27: 0 | K27: 91535377 | L27: 600065249 | M27: =ROUND(F27*$B$3,0) -> 4375747 | N27: =ROUND(G27*$B$3,0) -> 83139202 | O27: =ROUND(H27*$B$3,0) -> 201021 | P27: =ROUND(I27*$B$3,0) -> 3819406 | Q27: =M27+N27 -> 87514949 | R27: =O27+P27 -> 4020427 | S27: =Q27+R27-K27 -> -1 | T27: =IF(C27="Net à payer","",L27-E27-K27-IF(C27="Contrat",J27,0)) -> 0
A28: 45534 | B28: Remboursement avance de démarrage Décompte 05 | C28: Remb. avance démarrage | D28: 2024/ZESID/TVX - 08 | E28: 127132468 | F28: 6077427 | G28: 115471114 | H28: 279196 | I28: 5304731 | J28: 0 | K28: 22883844 | L28: 150016312 | M28: =ROUND(F28*$B$3,0) -> 1093937 | N28: =ROUND(G28*$B$3,0) -> 20784801 | O28: =ROUND(H28*$B$3,0) -> 50255 | P28: =ROUND(I28*$B$3,0) -> 954852 | Q28: =M28+N28 -> 21878738 | R28: =O28+P28 -> 1005107 | S28: =Q28+R28-K28 -> 1 | T28: =IF(C28="Net à payer","",L28-E28-K28-IF(C28="Contrat",J28,0)) -> 0
A29: 45534 | B29: Retenue de garantie Décompte 05 | C29: Retenue de garantie | D29: 2024/ZESID/TVX - 08 | E29: 25426494 | F29: 1215485 | G29: 23094223 | H29: 55839 | I29: 1060946 | J29: 0 | K29: 4576769 | L29: 30003262 | M29: =ROUND(F29*$B$3,0) -> 218787 | N29: =ROUND(G29*$B$3,0) -> 4156960 | O29: =ROUND(H29*$B$3,0) -> 10051 | P29: =ROUND(I29*$B$3,0) -> 190970 | Q29: =M29+N29 -> 4375747 | R29: =O29+P29 -> 201021 | S29: =Q29+R29-K29 -> -1 | T29: =IF(C29="Net à payer","",L29-E29-K29-IF(C29="Contrat",J29,0)) -> -1
B30: NET A PAYER DECOMPTE 05 | C30: Net à payer | E30: 355970910 | F30: 17016796 | G30: 323319119 | H30: 781750 | I30: 14853246 | J30: 0 | K30: 64074764 | L30: 420045674 | M30: =ROUND(F30*$B$3,0) -> 3063023 | N30: =ROUND(G30*$B$3,0) -> 58197441 | O30: =ROUND(H30*$B$3,0) -> 140715 | P30: =ROUND(I30*$B$3,0) -> 2673584 | Q30: =M30+N30 -> 61260464 | R30: =O30+P30 -> 2814299 | S30: =Q30+R30-K30 -> -1 | T30: =IF(C30="Net à payer","",L30-E30-K30-IF(C30="Contrat",J30,0))
A31: 45595 | B31: Décompte 06 | C31: Décompte | D31: 2024/ZESID/TVX - 09 | E31: 676686959 | F31: 33402436 | G31: 634646290 | H31: 431912 | I31: 8206321 | J31: 0 | K31: 121803653 | L31: 798490612 | M31: =ROUND(F31*$B$3,0) -> 6012438 | N31: =ROUND(G31*$B$3,0) -> 114236332 | O31: =ROUND(H31*$B$3,0) -> 77744 | P31: =ROUND(I31*$B$3,0) -> 1477138 | Q31: =M31+N31 -> 120248770 | R31: =O31+P31 -> 1554882 | S31: =Q31+R31-K31 -> -1 | T31: =IF(C31="Net à payer","",L31-E31-K31-IF(C31="Contrat",J31,0)) -> 0
A32: 45595 | B32: Remboursement avance de démarrage Décompte 06 | C32: Remb. avance démarrage | D32: 2024/ZESID/TVX - 09 | E32: 169171740 | F32: 8350609 | G32: 158661572 | H32: 107978 | I32: 2051580 | J32: 0 | K32: 30450913 | L32: 199622653 | M32: =ROUND(F32*$B$3,0) -> 1503110 | N32: =ROUND(G32*$B$3,0) -> 28559083 | O32: =ROUND(H32*$B$3,0) -> 19436 | P32: =ROUND(I32*$B$3,0) -> 369284 | Q32: =M32+N32 -> 30062193 | R32: =O32+P32 -> 388720 | S32: =Q32+R32-K32 -> 0 | T32: =IF(C32="Net à payer","",L32-E32-K32-IF(C32="Contrat",J32,0)) -> 0
A33: 45595 | B33: Retenue de garantie Décompte 06 | C33: Retenue de garantie | D33: 2024/ZESID/TVX - 09 | E33: 33834348 | F33: 1670122 | G33: 31732314 | H33: 21596 | I33: 410316 | J33: 0 | K33: 6090183 | L33: 39924531 | M33: =ROUND(F33*$B$3,0) -> 300622 | N33: =ROUND(G33*$B$3,0) -> 5711817 | O33: =ROUND(H33*$B$3,0) -> 3887 | P33: =ROUND(I33*$B$3,0) -> 73857 | Q33: =M33+N33 -> 6012439 | R33: =O33+P33 -> 77744 | S33: =Q33+R33-K33 -> 0 | T33: =IF(C33="Net à payer","",L33-E33-K33-IF(C33="Contrat",J33,0)) -> 0
B34: NET A PAYER DECOMPTE 06 | C34: Net à payer | E34: 473680871 | F34: 23381705 | G34: 444252403 | H34: 302338 | I34: 5744425 | J34: 0 | K34: 85262557 | L34: 558943428 | M34: =ROUND(F34*$B$3,0) -> 4208707 | N34: =ROUND(G34*$B$3,0) -> 79965433 | O34: =ROUND(H34*$B$3,0) -> 54421 | P34: =ROUND(I34*$B$3,0) -> 1033997 | Q34: =M34+N34 -> 84174140 | R34: =O34+P34 -> 1088418 | S34: =Q34+R34-K34 -> 1 | T34: =IF(C34="Net à payer","",L34-E34-K34-IF(C34="Contrat",J34,0))
A35: 45610 | B35: Décompte 07 | C35: Décompte | D35: 2024/ZESID/TVX - 10 | E35: 643846121 | F35: 30992978 | G35: 588866573 | H35: 1199329 | I35: 22787242 | J35: 0 | K35: 115892302 | L35: 759738423 | M35: =ROUND(F35*$B$3,0) -> 5578736 | N35: =ROUND(G35*$B$3,0) -> 105995983 | O35: =ROUND(H35*$B$3,0) -> 215879 | P35: =ROUND(I35*$B$3,0) -> 4101704 | Q35: =M35+N35 -> 111574719 | R35: =O35+P35 -> 4317583 | S35: =Q35+R35-K35 -> 0 | T35: =IF(C35="Net à payer","",L35-E35-K35-IF(C35="Contrat",J35,0)) -> 0
A36: 45610 | B36: Remboursement avance de démarrage Décompte 07 | C36: Remb. avance démarrage | D36: 2024/ZESID/TVX - 10 | E36: 160961530 | F36: 7748244 | G36: 147216643 | H36: 299832 | I36: 5696810 | J36: 0 | K36: 28973075 | L36: 189934606 | M36: =ROUND(F36*$B$3,0) -> 1394684 | N36: =ROUND(G36*$B$3,0) -> 26498996 | O36: =ROUND(H36*$B$3,0) -> 53970 | P36: =ROUND(I36*$B$3,0) -> 1025426 | Q36: =M36+N36 -> 27893680 | R36: =O36+P36 -> 1079396 | S36: =Q36+R36-K36 -> 1 | T36: =IF(C36="Net à payer","",L36-E36-K36-IF(C36="Contrat",J36,0)) -> 1
A37: 45610 | B37: Retenue de garantie Décompte 07 | C37: Retenue de garantie | D37: 2024/ZESID/TVX - 10 | E37: 32192306 | F37: 1549649 | G37: 29443329 | H37: 59966 | I37: 1139362 | J37: 0 | K37: 5794615 | L37: 37986921 | M37: =ROUND(F37*$B$3,0) -> 278937 | N37: =ROUND(G37*$B$3,0) -> 5299799 | O37: =ROUND(H37*$B$3,0) -> 10794 | P37: =ROUND(I37*$B$3,0) -> 205085 | Q37: =M37+N37 -> 5578736 | R37: =O37+P37 -> 215879 | S37: =Q37+R37-K37 -> 0 | T37: =IF(C37="Net à payer","",L37-E37-K37-IF(C37="Contrat",J37,0)) -> 0
B38: NET A PAYER DECOMPTE 07 | C38: Net à payer | E38: 450692285 | F38: 21695084 | G38: 412206601 | H38: 839530 | I38: 15951069 | J38: 0 | K38: 81124611 | L38: 531816896 | M38: =ROUND(F38*$B$3,0) -> 3905115 | N38: =ROUND(G38*$B$3,0) -> 74197188 | O38: =ROUND(H38*$B$3,0) -> 151115 | P38: =ROUND(I38*$B$3,0) -> 2871192 | Q38: =M38+N38 -> 78102303 | R38: =O38+P38 -> 3022307 | S38: =Q38+R38-K38 -> -1 | T38: =IF(C38="Net à payer","",L38-E38-K38-IF(C38="Contrat",J38,0))
A39: 45611 | B39: Acompte sur approvisionnement n°01 - part 01 | C39: Acompte appro | D39: 2024/ZESID/TVX - 11 | E39: 1355000000 | F39: 47425000 | G39: 901075000 | H39: 20325000 | I39: 386175000 | J39: 0 | K39: 243900000 | L39: 1598900000 | M39: =ROUND(F39*$B$3,0) -> 8536500 | N39: =ROUND(G39*$B$3,0) -> 162193500 | O39: =ROUND(H39*$B$3,0) -> 3658500 | P39: =ROUND(I39*$B$3,0) -> 69511500 | Q39: =M39+N39 -> 170730000 | R39: =O39+P39 -> 73170000 | S39: =Q39+R39-K39 -> 0 | T39: =IF(C39="Net à payer","",L39-E39-K39-IF(C39="Contrat",J39,0)) -> 0
A40: 45611 | B40: Acompte sur approvisionnement n°01 - part 02 | C40: Acompte appro | D40: 2024/ZESID/TVX - 12 | E40: 1419700000 | F40: 49689500 | G40: 944100500 | H40: 21295500 | I40: 404614500 | J40: 0 | K40: 255546000 | L40: 1675246000 | M40: =ROUND(F40*$B$3,0) -> 8944110 | N40: =ROUND(G40*$B$3,0) -> 169938090 | O40: =ROUND(H40*$B$3,0) -> 3833190 | P40: =ROUND(I40*$B$3,0) -> 72830610 | Q40: =M40+N40 -> 178882200 | R40: =O40+P40 -> 76663800 | S40: =Q40+R40-K40 -> 0 | T40: =IF(C40="Net à payer","",L40-E40-K40-IF(C40="Contrat",J40,0)) -> 0
B41: NET A PAYER ACOMPTE APPROVISIONNEMENT N°01 & N°02 | C41: Net à payer | E41: 2774700000 | F41: 97114500 | G41: 1845175500 | H41: 41620500 | I41: 790789500 | J41: 0 | K41: 499446000 | L41: 3274146000 | M41: =ROUND(F41*$B$3,0) -> 17480610 | N41: =ROUND(G41*$B$3,0) -> 332131590 | O41: =ROUND(H41*$B$3,0) -> 7491690 | P41: =ROUND(I41*$B$3,0) -> 142342110 | Q41: =M41+N41 -> 349612200 | R41: =O41+P41 -> 149833800 | S41: =Q41+R41-K41 -> 0 | T41: =IF(C41="Net à payer","",L41-E41-K41-IF(C41="Contrat",J41,0))
A42: 45685 | B42: Décompte 08 | C42: Décompte | D42: 2025/ZESID/TVX - 01 | E42: 704170710 | F42: 32419750 | G42: 615975249 | H42: 2788786 | I42: 52986925 | J42: 0 | K42: 126750728 | L42: 830921438 | M42: =ROUND(F42*$B$3,0) -> 5835555 | N42: =ROUND(G42*$B$3,0) -> 110875545 | O42: =ROUND(H42*$B$3,0) -> 501981 | P42: =ROUND(I42*$B$3,0) -> 9537647 | Q42: =M42+N42 -> 116711100 | R42: =O42+P42 -> 10039628 | S42: =Q42+R42-K42 -> 0 | T42: =IF(C42="Net à payer","",L42-E42-K42-IF(C42="Contrat",J42,0)) -> 0
A43: 45685 | B43: Remboursement avance de démarrage Décompte 08 | C43: Remb. avance démarrage | D43: 2025/ZESID/TVX - 01 | E43: 176042678 | F43: 8104937 | G43: 153993812 | H43: 697196 | I43: 13246731 | J43: 0 | K43: 31687682 | L43: 207730359 | M43: =ROUND(F43*$B$3,0) -> 1458889 | N43: =ROUND(G43*$B$3,0) -> 27718886 | O43: =ROUND(H43*$B$3,0) -> 125495 | P43: =ROUND(I43*$B$3,0) -> 2384412 | Q43: =M43+N43 -> 29177775 | R43: =O43+P43 -> 2509907 | S43: =Q43+R43-K43 -> 0 | T43: =IF(C43="Net à payer","",L43-E43-K43-IF(C43="Contrat",J43,0)) -> -1
A44: 45685 | B44: Retenue de garantie Décompte 08 | C44: Retenue de garantie | D44: 2025/ZESID/TVX - 01 | E44: 35208536 | F44: 1620987 | G44: 30798762 | H44: 139439 | I44: 2649346 | J44: 0 | K44: 6337536 | L44: 41546072 | M44: =ROUND(F44*$B$3,0) -> 291778 | N44: =ROUND(G44*$B$3,0) -> 5543777 | O44: =ROUND(H44*$B$3,0) -> 25099 | P44: =ROUND(I44*$B$3,0) -> 476882 | Q44: =M44+N44 -> 5835555 | R44: =O44+P44 -> 501981 | S44: =Q44+R44-K44 -> 0 | T44: =IF(C44="Net à payer","",L44-E44-K44-IF(C44="Contrat",J44,0)) -> 0
B45: NET A PAYER DECOMPTE 08 | C45: Net à payer | E45: 492919497 | F45: 22693825 | G45: 431182674 | H45: 1952150 | I45: 37090848 | J45: 0 | K45: 88725509 | L45: 581645006 | M45: =ROUND(F45*$B$3,0) -> 4084889 | N45: =ROUND(G45*$B$3,0) -> 77612881 | O45: =ROUND(H45*$B$3,0) -> 351387 | P45: =ROUND(I45*$B$3,0) -> 6676353 | Q45: =M45+N45 -> 81697770 | R45: =O45+P45 -> 7027740 | S45: =Q45+R45-K45 -> 1 | T45: =IF(C45="Net à payer","",L45-E45-K45-IF(C45="Contrat",J45,0))
A46: 45740 | B46: Décompte 09 | C46: Décompte | D46: 2025/ZESID/TVX - 02 | E46: 445733871 | F46: 16363397 | G46: 310904535 | H46: 5923297 | I46: 112542642 | J46: 0 | K46: 80232097 | L46: 525965968 | M46: =ROUND(F46*$B$3,0) -> 2945411 | N46: =ROUND(G46*$B$3,0) -> 55962816 | O46: =ROUND(H46*$B$3,0) -> 1066193 | P46: =ROUND(I46*$B$3,0) -> 20257676 | Q46: =M46+N46 -> 58908227 | R46: =O46+P46 -> 21323869 | S46: =Q46+R46-K46 -> -1 | T46: =IF(C46="Net à payer","",L46-E46-K46-IF(C46="Contrat",J46,0)) -> 0
A47: 45740 | B47: Remboursement avance de démarrage Décompte 09 | C47: Remb. avance démarrage | D47: 2025/ZESID/TVX - 02 | E47: 111433468 | F47: 4090849 | G47: 77726134 | H47: 1480824 | I47: 28135661 | J47: 0 | K47: 20058024 | L47: 131491492 | M47: =ROUND(F47*$B$3,0) -> 736353 | N47: =ROUND(G47*$B$3,0) -> 13990704 | O47: =ROUND(H47*$B$3,0) -> 266548 | P47: =ROUND(I47*$B$3,0) -> 5064419 | Q47: =M47+N47 -> 14727057 | R47: =O47+P47 -> 5330967 | S47: =Q47+R47-K47 -> 0 | T47: =IF(C47="Net à payer","",L47-E47-K47-IF(C47="Contrat",J47,0)) -> 0
A48: 45740 | B48: Retenue de garantie Décompte 09 | C48: Retenue de garantie | D48: 2025/ZESID/TVX - 02 | E48: 22286694 | F48: 818170 | G48: 15545227 | H48: 296165 | I48: 5627132 | J48: 0 | K48: 4011605 | L48: 26298298 | M48: =ROUND(F48*$B$3,0) -> 147271 | N48: =ROUND(G48*$B$3,0) -> 2798141 | O48: =ROUND(H48*$B$3,0) -> 53310 | P48: =ROUND(I48*$B$3,0) -> 1012884 | Q48: =M48+N48 -> 2945412 | R48: =O48+P48 -> 1066194 | S48: =Q48+R48-K48 -> 1 | T48: =IF(C48="Net à payer","",L48-E48-K48-IF(C48="Contrat",J48,0)) -> -1
B49: NET A PAYER DECOMPTE 09 | C49: Net à payer | E49: 312013710 | F49: 11454378 | G49: 217633175 | H49: 4146308 | I49: 78779849 | J49: 0 | K49: 56162468 | L49: 368176177 | M49: =ROUND(F49*$B$3,0) -> 2061788 | N49: =ROUND(G49*$B$3,0) -> 39173972 | O49: =ROUND(H49*$B$3,0) -> 746335 | P49: =ROUND(I49*$B$3,0) -> 14180373 | Q49: =M49+N49 -> 41235760 | R49: =O49+P49 -> 14926708 | S49: =Q49+R49-K49 -> 0 | T49: =IF(C49="Net à payer","",L49-E49-K49-IF(C49="Contrat",J49,0))
A50: 45887 | B50: Décompte 10 | C50: Décompte | D50: 2025/ZESID/TVX - 03 | E50: 128556771 | F50: 1912512 | G50: 36337733 | H50: 4515326 | I50: 85791200 | J50: 0 | K50: 23140219 | L50: 151696990 | M50: =ROUND(F50*$B$3,0) -> 344252 | N50: =ROUND(G50*$B$3,0) -> 6540792 | O50: =ROUND(H50*$B$3,0) -> 812759 | P50: =ROUND(I50*$B$3,0) -> 15442416 | Q50: =M50+N50 -> 6885044 | R50: =O50+P50 -> 16255175 | S50: =Q50+R50-K50 -> 0 | T50: =IF(C50="Net à payer","",L50-E50-K50-IF(C50="Contrat",J50,0)) -> 0
A51: 45887 | B51: Remboursement avance de démarrage Décompte 10 | C51: Remb. avance démarrage | D51: 2025/ZESID/TVX - 03 | E51: 32139193 | F51: 478128 | G51: 9084433 | H51: 1128832 | I51: 21447800 | J51: 0 | K51: 5785055 | L51: 37924247 | M51: =ROUND(F51*$B$3,0) -> 86063 | N51: =ROUND(G51*$B$3,0) -> 1635198 | O51: =ROUND(H51*$B$3,0) -> 203190 | P51: =ROUND(I51*$B$3,0) -> 3860604 | Q51: =M51+N51 -> 1721261 | R51: =O51+P51 -> 4063794 | S51: =Q51+R51-K51 -> 0 | T51: =IF(C51="Net à payer","",L51-E51-K51-IF(C51="Contrat",J51,0)) -> -1
A52: 45887 | B52: Retenue de garantie Décompte 10 | C52: Retenue de garantie | D52: 2025/ZESID/TVX - 03 | E52: 6427839 | F52: 95626 | G52: 1816887 | H52: 225766 | I52: 4289560 | J52: 0 | K52: 1157011 | L52: 7584849 | M52: =ROUND(F52*$B$3,0) -> 17213 | N52: =ROUND(G52*$B$3,0) -> 327040 | O52: =ROUND(H52*$B$3,0) -> 40638 | P52: =ROUND(I52*$B$3,0) -> 772121 | Q52: =M52+N52 -> 344253 | R52: =O52+P52 -> 812759 | S52: =Q52+R52-K52 -> 1 | T52: =IF(C52="Net à payer","",L52-E52-K52-IF(C52="Contrat",J52,0)) -> -1
B53: NET A PAYER DECOMPTE 10 | C53: Net à payer | E53: 89989740 | F53: 1338759 | G53: 25436413 | H53: 3160728 | I53: 60053840 | J53: 4499487 | K53: 16198153 | L53: 106187893 | M53: =ROUND(F53*$B$3,0) -> 240977 | N53: =ROUND(G53*$B$3,0) -> 4578554 | O53: =ROUND(H53*$B$3,0) -> 568931 | P53: =ROUND(I53*$B$3,0) -> 10809691 | Q53: =M53+N53 -> 4819531 | R53: =O53+P53 -> 11378622 | S53: =Q53+R53-K53 -> 0 | T53: =IF(C53="Net à payer","",L53-E53-K53-IF(C53="Contrat",J53,0))
A54: 45957 | B54: Facture acompte sur approvisionnement n°02 | C54: Acompte appro | D54: 2025/ZESID/TVX - 04 | E54: 2774700000 | F54: 97114500 | G54: 1845175500 | H54: 41620500 | I54: 790789500 | J54: 0 | K54: 499446000 | L54: 3274146000 | M54: =ROUND(F54*$B$3,0) -> 17480610 | N54: =ROUND(G54*$B$3,0) -> 332131590 | O54: =ROUND(H54*$B$3,0) -> 7491690 | P54: =ROUND(I54*$B$3,0) -> 142342110 | Q54: =M54+N54 -> 349612200 | R54: =O54+P54 -> 149833800 | S54: =Q54+R54-K54 -> 0 | T54: =IF(C54="Net à payer","",L54-E54-K54-IF(C54="Contrat",J54,0)) -> 0
B55: NET A PAYER ACOMPTE SUR APPRO N°02 | C55: Net à payer | E55: 2774700000 | F55: 97114500 | G55: 1845175500 | H55: 41620500 | I55: 790789500 | J55: 138735000 | K55: 499446000 | L55: 3274146000 | M55: =ROUND(F55*$B$3,0) -> 17480610 | N55: =ROUND(G55*$B$3,0) -> 332131590 | O55: =ROUND(H55*$B$3,0) -> 7491690 | P55: =ROUND(I55*$B$3,0) -> 142342110 | Q55: =M55+N55 -> 349612200 | R55: =O55+P55 -> 149833800 | S55: =Q55+R55-K55 -> 0 | T55: =IF(C55="Net à payer","",L55-E55-K55-IF(C55="Contrat",J55,0))
A56: 45968 | B56: Décompte 11 | C56: Décompte | D56: 2025/ZESID/TVX - 05 | E56: 1057495814 | F56: 26465330 | G56: 502841274 | H56: 26409461 | I56: 501779750 | J56: 0 | K56: 190349247 | L56: 1247845061 | M56: =ROUND(F56*$B$3,0) -> 4763759 | N56: =ROUND(G56*$B$3,0) -> 90511429 | O56: =ROUND(H56*$B$3,0) -> 4753703 | P56: =ROUND(I56*$B$3,0) -> 90320355 | Q56: =M56+N56 -> 95275188 | R56: =O56+P56 -> 95074058 | S56: =Q56+R56-K56 -> -1 | T56: =IF(C56="Net à payer","",L56-E56-K56-IF(C56="Contrat",J56,0)) -> 0
A57: 45968 | B57: Remboursement avance de démarrage Décompte 11 | C57: Remb. avance démarrage | D57: 2025/ZESID/TVX - 05 | E57: 264373954 | F57: 6616333 | G57: 125710318 | H57: 6602365 | I57: 125444937 | J57: 0 | K57: 47587312 | L57: 311961265 | M57: =ROUND(F57*$B$3,0) -> 1190940 | N57: =ROUND(G57*$B$3,0) -> 22627857 | O57: =ROUND(H57*$B$3,0) -> 1188426 | P57: =ROUND(I57*$B$3,0) -> 22580089 | Q57: =M57+N57 -> 23818797 | R57: =O57+P57 -> 23768515 | S57: =Q57+R57-K57 -> 0 | T57: =IF(C57="Net à payer","",L57-E57-K57-IF(C57="Contrat",J57,0)) -> -1
A58: 45968 | B58: Retenue de garantie Décompte 11 | C58: Retenue de garantie | D58: 2025/ZESID/TVX - 05 | E58: 52874791 | F58: 1323267 | G58: 25142064 | H58: 1320473 | I58: 25088987 | J58: 0 | K58: 9517462 | L58: 62392253 | M58: =ROUND(F58*$B$3,0) -> 238188 | N58: =ROUND(G58*$B$3,0) -> 4525572 | O58: =ROUND(H58*$B$3,0) -> 237685 | P58: =ROUND(I58*$B$3,0) -> 4516018 | Q58: =M58+N58 -> 4763760 | R58: =O58+P58 -> 4753703 | S58: =Q58+R58-K58 -> 1 | T58: =IF(C58="Net à payer","",L58-E58-K58-IF(C58="Contrat",J58,0)) -> 0
A59: 45968 | B59: Remboursement n°01 / acompte sur approvisionnement n°01 | C59: Remb. acompte appro | D59: 2025/ZESID/TVX - 05 | E59: 150253316 | F59: 3760302 | G59: 71445738 | H59: 3752364 | I59: 71294912 | J59: 0 | K59: 27045597 | L59: 177298913 | M59: =ROUND(F59*$B$3,0) -> 676854 | N59: =ROUND(G59*$B$3,0) -> 12860233 | O59: =ROUND(H59*$B$3,0) -> 675426 | P59: =ROUND(I59*$B$3,0) -> 12833084 | Q59: =M59+N59 -> 13537087 | R59: =O59+P59 -> 13508510 | S59: =Q59+R59-K59 -> 0 | T59: =IF(C59="Net à payer","",L59-E59-K59-IF(C59="Contrat",J59,0)) -> 0
B60: NET A PAYER DECOMPTE 11 | C60: Net à payer | E60: 589993754 | F60: 14765429 | G60: 280543154 | H60: 14734259 | I60: 279950912 | J60: 29499688 | K60: 106198876 | L60: 696192629 | M60: =ROUND(F60*$B$3,0) -> 2657777 | N60: =ROUND(G60*$B$3,0) -> 50497768 | O60: =ROUND(H60*$B$3,0) -> 2652167 | P60: =ROUND(I60*$B$3,0) -> 50391164 | Q60: =M60+N60 -> 53155545 | R60: =O60+P60 -> 53043331 | S60: =Q60+R60-K60 -> 0 | T60: =IF(C60="Net à payer","",L60-E60-K60-IF(C60="Contrat",J60,0))
B61: NET A PAYER ACOMPTE SUR APPRO N°02 & DECOMPTE 11 | C61: Net à payer | E61: 3364693754 | F61: 111879929 | G61: 2125718654 | H61: 56354759 | I61: 1070740412 | J61: 168234688 | K61: 605644876 | L61: 3970338629 | M61: =ROUND(F61*$B$3,0) -> 20138387 | N61: =ROUND(G61*$B$3,0) -> 382629358 | O61: =ROUND(H61*$B$3,0) -> 10143857 | P61: =ROUND(I61*$B$3,0) -> 192733274 | Q61: =M61+N61 -> 402767745 | R61: =O61+P61 -> 202877131 | S61: =Q61+R61-K61 -> 0 | T61: =IF(C61="Net à payer","",L61-E61-K61-IF(C61="Contrat",J61,0))
A62: 46021 | B62: Décompte 12 | C62: Décompte | D62: 2025/ZESID/TVX - 06 | E62: 1064397207 | F62: 32062929 | G62: 609195642 | H62: 21156932 | I62: 401981705 | J62: 0 | K62: 191591497 | L62: 1255988704 | M62: =ROUND(F62*$B$3,0) -> 5771327 | N62: =ROUND(G62*$B$3,0) -> 109655216 | O62: =ROUND(H62*$B$3,0) -> 3808248 | P62: =ROUND(I62*$B$3,0) -> 72356707 | Q62: =M62+N62 -> 115426543 | R62: =O62+P62 -> 76164955 | S62: =Q62+R62-K62 -> 1 | T62: =IF(C62="Net à payer","",L62-E62-K62-IF(C62="Contrat",J62,0)) -> 0
A63: 46021 | B63: Remboursement avance de démarrage Décompte 12 | C63: Remb. avance démarrage | D63: 2025/ZESID/TVX - 06 | E63: 266099302 | F63: 8015732 | G63: 152298910 | H63: 5289233 | I63: 100495426 | J63: 0 | K63: 47897874 | L63: 313997176 | M63: =ROUND(F63*$B$3,0) -> 1442832 | N63: =ROUND(G63*$B$3,0) -> 27413804 | O63: =ROUND(H63*$B$3,0) -> 952062 | P63: =ROUND(I63*$B$3,0) -> 18089177 | Q63: =M63+N63 -> 28856636 | R63: =O63+P63 -> 19041239 | S63: =Q63+R63-K63 -> 1 | T63: =IF(C63="Net à payer","",L63-E63-K63-IF(C63="Contrat",J63,0)) -> 0
A64: 46021 | B64: Retenue de garantie Décompte 12 | C64: Retenue de garantie | D64: 2025/ZESID/TVX - 06 | E64: 53219860 | F64: 1603146 | G64: 30459782 | H64: 1057847 | I64: 20099085 | J64: 0 | K64: 9579575 | L64: 62799435 | M64: =ROUND(F64*$B$3,0) -> 288566 | N64: =ROUND(G64*$B$3,0) -> 5482761 | O64: =ROUND(H64*$B$3,0) -> 190412 | P64: =ROUND(I64*$B$3,0) -> 3617835 | Q64: =M64+N64 -> 5771327 | R64: =O64+P64 -> 3808247 | S64: =Q64+R64-K64 -> -1 | T64: =IF(C64="Net à payer","",L64-E64-K64-IF(C64="Contrat",J64,0)) -> 0
A65: 46021 | B65: Remboursement n°02 / acompte sur approvisionnement n°01 | C65: Remb. acompte appro | D65: 2025/ZESID/TVX - 06 | E65: 151233895 | F65: 4555632 | G65: 86557000 | H65: 3006063 | I65: 57115200 | J65: 0 | K65: 27222101 | L65: 178455996 | M65: =ROUND(F65*$B$3,0) -> 820014 | N65: =ROUND(G65*$B$3,0) -> 15580260 | O65: =ROUND(H65*$B$3,0) -> 541091 | P65: =ROUND(I65*$B$3,0) -> 10280736 | Q65: =M65+N65 -> 16400274 | R65: =O65+P65 -> 10821827 | S65: =Q65+R65-K65 -> 0 | T65: =IF(C65="Net à payer","",L65-E65-K65-IF(C65="Contrat",J65,0)) -> 0
A66: 46021 | B66: Remboursement n°01 / acompte sur approvisionnement n°02 | C66: Remb. acompte appro | D66: 2025/ZESID/TVX - 06 | E66: 159892251 | F66: 4816448 | G66: 91512512 | H66: 3178165 | I66: 60385126 | J66: 0 | K66: 28780605 | L66: 188672856 | M66: =ROUND(F66*$B$3,0) -> 866961 | N66: =ROUND(G66*$B$3,0) -> 16472252 | O66: =ROUND(H66*$B$3,0) -> 572070 | P66: =ROUND(I66*$B$3,0) -> 10869323 | Q66: =M66+N66 -> 17339213 | R66: =O66+P66 -> 11441393 | S66: =Q66+R66-K66 -> 1 | T66: =IF(C66="Net à payer","",L66-E66-K66-IF(C66="Contrat",J66,0)) -> 0
B67: NET A PAYER DECOMPTE 12 | C67: Net à payer | E67: 433951899 | F67: 13071970 | G67: 248367437 | H67: 8625625 | I67: 163886867 | J67: 0 | K67: 78111342 | L67: 512063241 | M67: =ROUND(F67*$B$3,0) -> 2352955 | N67: =ROUND(G67*$B$3,0) -> 44706139 | O67: =ROUND(H67*$B$3,0) -> 1552613 | P67: =ROUND(I67*$B$3,0) -> 29499636 | Q67: =M67+N67 -> 47059094 | R67: =O67+P67 -> 31052249 | S67: =Q67+R67-K67 -> 1 | T67: =IF(C67="Net à payer","",L67-E67-K67-IF(C67="Contrat",J67,0))
A68: 46147 | B68: Décompte 13 | C68: Décompte | D68: 2026/ZESID/TVX - 01 | E68: 2304137863 | F68: 64813907 | G68: 1231464231 | H68: 50392986 | I68: 957466739 | J68: 0 | K68: 414744815 | L68: 2718882678 | M68: =ROUND(F68*$B$3,0) -> 11666503 | N68: =ROUND(G68*$B$3,0) -> 221663562 | O68: =ROUND(H68*$B$3,0) -> 9070737 | P68: =ROUND(I68*$B$3,0) -> 172344013 | Q68: =M68+N68 -> 233330065 | R68: =O68+P68 -> 181414750 | S68: =Q68+R68-K68 -> 0 | T68: =IF(C68="Net à payer","",L68-E68-K68-IF(C68="Contrat",J68,0)) -> 0
A69: 46147 | B69: Remboursement avance de démarrage Décompte 13 | C69: Remb. avance démarrage | D69: 2026/ZESID/TVX - 01 | E69: 576034466 | F69: 16203477 | G69: 307866058 | H69: 12598247 | I69: 239366685 | J69: 0 | K69: 103686204 | L69: 679720670 | M69: =ROUND(F69*$B$3,0) -> 2916626 | N69: =ROUND(G69*$B$3,0) -> 55415890 | O69: =ROUND(H69*$B$3,0) -> 2267684 | P69: =ROUND(I69*$B$3,0) -> 43086003 | Q69: =M69+N69 -> 58332516 | R69: =O69+P69 -> 45353687 | S69: =Q69+R69-K69 -> -1 | T69: =IF(C69="Net à payer","",L69-E69-K69-IF(C69="Contrat",J69,0)) -> 0
A70: 46147 | B70: Retenue de garantie Décompte 13 | C70: Retenue de garantie | D70: 2026/ZESID/TVX - 01 | E70: 115206893 | F70: 3240695 | G70: 61573212 | H70: 2519649 | I70: 47873337 | J70: 0 | K70: 20737241 | L70: 135944134 | M70: =ROUND(F70*$B$3,0) -> 583325 | N70: =ROUND(G70*$B$3,0) -> 11083178 | O70: =ROUND(H70*$B$3,0) -> 453537 | P70: =ROUND(I70*$B$3,0) -> 8617201 | Q70: =M70+N70 -> 11666503 | R70: =O70+P70 -> 9070738 | S70: =Q70+R70-K70 -> 0 | T70: =IF(C70="Net à payer","",L70-E70-K70-IF(C70="Contrat",J70,0)) -> 0
A71: 46147 | B71: Remboursement n°03 / acompte sur approvisionnement n°01 | C71: Remb. acompte appro | D71: 2026/ZESID/TVX - 01 | E71: 327381302 | F71: 9209024 | G71: 174971459 | H71: 7160041 | I71: 136040778 | J71: 0 | K71: 58928634 | L71: 386309936 | M71: =ROUND(F71*$B$3,0) -> 1657624 | N71: =ROUND(G71*$B$3,0) -> 31494863 | O71: =ROUND(H71*$B$3,0) -> 1288807 | P71: =ROUND(I71*$B$3,0) -> 24487340 | Q71: =M71+N71 -> 33152487 | R71: =O71+P71 -> 25776147 | S71: =Q71+R71-K71 -> 0 | T71: =IF(C71="Net à payer","",L71-E71-K71-IF(C71="Contrat",J71,0)) -> 0
A72: 46147 | B72: Remboursement n°02 / acompte sur approvisionnement n°02 | C72: Remb. acompte appro | D72: 2026/ZESID/TVX - 01 | E72: 346124349 | F72: 9736254 | G72: 184988825 | H72: 7569964 | I72: 143829307 | J72: 0 | K72: 62302383 | L72: 408426732 | M72: =ROUND(F72*$B$3,0) -> 1752526 | N72: =ROUND(G72*$B$3,0) -> 33297989 | O72: =ROUND(H72*$B$3,0) -> 1362594 | P72: =ROUND(I72*$B$3,0) -> 25889275 | Q72: =M72+N72 -> 35050515 | R72: =O72+P72 -> 27251869 | S72: =Q72+R72-K72 -> 1 | T72: =IF(C72="Net à payer","",L72-E72-K72-IF(C72="Contrat",J72,0)) -> 0
B73: NET A PAYER DECOMPTE 13 | C73: Net à payer | E73: 939390853 | F73: 26424457 | G73: 502064678 | H73: 20545086 | I73: 390356633 | J73: 0 | K73: 169090354 | L73: 1108481207 | M73: =ROUND(F73*$B$3,0) -> 4756402 | N73: =ROUND(G73*$B$3,0) -> 90371642 | O73: =ROUND(H73*$B$3,0) -> 3698115 | P73: =ROUND(I73*$B$3,0) -> 70264194 | Q73: =M73+N73 -> 95128044 | R73: =O73+P73 -> 73962309 | S73: =Q73+R73-K73 -> -1 | T73: =IF(C73="Net à payer","",L73-E73-K73-IF(C73="Contrat",J73,0))
A74: 46303 | B74: Décompte 14 | C74: Décompte | D74: 2026/ZESID/TVX - 02 | E74: 1107995092 | F74: 23285887 | G74: 442431851 | H74: 32113868 | I74: 610163486 | J74: 0 | K74: 199439117 | L74: 1307434209 | M74: =ROUND(F74*$B$3,0) -> 4191460 | N74: =ROUND(G74*$B$3,0) -> 79637733 | O74: =ROUND(H74*$B$3,0) -> 5780496 | P74: =ROUND(I74*$B$3,0) -> 109829427 | Q74: =M74+N74 -> 83829193 | R74: =O74+P74 -> 115609923 | S74: =Q74+R74-K74 -> -1 | T74: =IF(C74="Net à payer","",L74-E74-K74-IF(C74="Contrat",J74,0)) -> 0
A75: 46303 | B75: Remboursement avance de démarrage Décompte 14 | C75: Remb. avance démarrage | D75: 2026/ZESID/TVX - 02 | E75: 276998773 | F75: 5821472 | G75: 110607963 | H75: 8028467 | I75: 152540872 | J75: 0 | K75: 49859779 | L75: 326858552 | M75: =ROUND(F75*$B$3,0) -> 1047865 | N75: =ROUND(G75*$B$3,0) -> 19909433 | O75: =ROUND(H75*$B$3,0) -> 1445124 | P75: =ROUND(I75*$B$3,0) -> 27457357 | Q75: =M75+N75 -> 20957298 | R75: =O75+P75 -> 28902481 | S75: =Q75+R75-K75 -> 0 | T75: =IF(C75="Net à payer","",L75-E75-K75-IF(C75="Contrat",J75,0)) -> 0
A76: 46303 | B76: Retenue de garantie Décompte 14 | C76: Retenue de garantie | D76: 2026/ZESID/TVX - 02 | E76: 55399755 | F76: 1164294 | G76: 22121593 | H76: 1605693 | I76: 30508174 | J76: 0 | K76: 9971956 | L76: 65371710 | M76: =ROUND(F76*$B$3,0) -> 209573 | N76: =ROUND(G76*$B$3,0) -> 3981887 | O76: =ROUND(H76*$B$3,0) -> 289025 | P76: =ROUND(I76*$B$3,0) -> 5491471 | Q76: =M76+N76 -> 4191460 | R76: =O76+P76 -> 5780496 | S76: =Q76+R76-K76 -> 0 | T76: =IF(C76="Net à payer","",L76-E76-K76-IF(C76="Contrat",J76,0)) -> -1
A77: 46303 | B77: Remboursement n°04 / acompte sur approvisionnement n°01 | C77: Remb. acompte appro | D77: 2026/ZESID/TVX - 02 | E77: 157428460 | F77: 3308554 | G77: 62862521 | H77: 4562869 | I77: 86694516 | J77: 0 | K77: 28337123 | L77: 185765583 | M77: =ROUND(F77*$B$3,0) -> 595540 | N77: =ROUND(G77*$B$3,0) -> 11315254 | O77: =ROUND(H77*$B$3,0) -> 821316 | P77: =ROUND(I77*$B$3,0) -> 15605013 | Q77: =M77+N77 -> 11910794 | R77: =O77+P77 -> 16426329 | S77: =Q77+R77-K77 -> 0 | T77: =IF(C77="Net à payer","",L77-E77-K77-IF(C77="Contrat",J77,0)) -> 0
A78: 46303 | B78: Remboursement n°03 / acompte sur approvisionnement n°02 | C78: Remb. acompte appro | D78: 2026/ZESID/TVX - 02 | E78: 166441464 | F78: 3497973 | G78: 66461490 | H78: 4824100 | I78: 91657901 | J78: 0 | K78: 29959464 | L78: 196400928 | M78: =ROUND(F78*$B$3,0) -> 629635 | N78: =ROUND(G78*$B$3,0) -> 11963068 | O78: =ROUND(H78*$B$3,0) -> 868338 | P78: =ROUND(I78*$B$3,0) -> 16498422 | Q78: =M78+N78 -> 12592703 | R78: =O78+P78 -> 17366760 | S78: =Q78+R78-K78 -> -1 | T78: =IF(C78="Net à payer","",L78-E78-K78-IF(C78="Contrat",J78,0)) -> 0
B79: NET A PAYER DECOMPTE 14 | C79: Net à payer | E79: 451726640 | F79: 9493594 | G79: 180378285 | H79: 13092738 | I79: 248762024 | J79: 0 | K79: 81310795 | L79: 533037436 | M79: =ROUND(F79*$B$3,0) -> 1708847 | N79: =ROUND(G79*$B$3,0) -> 32468091 | O79: =ROUND(H79*$B$3,0) -> 2356693 | P79: =ROUND(I79*$B$3,0) -> 44777164 | Q79: =M79+N79 -> 34176938 | R79: =O79+P79 -> 47133857 | S79: =Q79+R79-K79 -> 0 | T79: =IF(C79="Net à payer","",L79-E79-K79-IF(C79="Contrat",J79,0))
B81: TOTAL DECOMPTES | C81: Total fiche | E81: 10977747877 | F81: 399268520 | G81: 7586101876 | H81: 149618874 | I81: 2842758607 | J81: 0 | K81: 1975994618 | L81: 12953742495 | M81: =ROUND(F81*$B$3,0) -> 71868334 | N81: =ROUND(G81*$B$3,0) -> 1365498338 | O81: =ROUND(H81*$B$3,0) -> 26931397 | P81: =ROUND(I81*$B$3,0) -> 511696549 | Q81: =M81+N81 -> 1437366672 | R81: =O81+P81 -> 538627946 | S81: =Q81+R81-K81 -> 0 | T81: =IF(C81="Net à payer","",L81-E81-K81-IF(C81="Contrat",J81,0)) -> 0
B82: TOTAL REMBOURSEMENT AVANCE DEMARRAGE | C82: Total fiche | E82: 2744436969 | F82: 99817130 | G82: 1896525469 | H82: 37404719 | I82: 710689652 | J82: 0 | K82: 492328404 | L82: 3120613875 | M82: =ROUND(F82*$B$3,0) -> 17967083 | N82: =ROUND(G82*$B$3,0) -> 341374584 | O82: =ROUND(H82*$B$3,0) -> 6732849 | P82: =ROUND(I82*$B$3,0) -> 127924137 | Q82: =M82+N82 -> 359341667 | R82: =O82+P82 -> 134656986 | S82: =Q82+R82-K82 -> 1670249 | T82: =IF(C82="Net à payer","",L82-E82-K82-IF(C82="Contrat",J82,0)) -> -116151498
B83: TOTAL REMBOURSEMENT AVANCE APPROVISIONNEMENT | C83: Total fiche | E83: 4090644963 | F83: 155344813 | G83: 2951551455 | H83: 49187435 | I83: 934561260 | J83: 0 | K83: 736316093 | L83: 4826961056 | M83: =ROUND(F83*$B$3,0) -> 27962066 | N83: =ROUND(G83*$B$3,0) -> 531279262 | O83: =ROUND(H83*$B$3,0) -> 8853738 | P83: =ROUND(I83*$B$3,0) -> 168221027 | Q83: =M83+N83 -> 559241328 | R83: =O83+P83 -> 177074765 | S83: =Q83+R83-K83 -> 0 | T83: =IF(C83="Net à payer","",L83-E83-K83-IF(C83="Contrat",J83,0)) -> 0
B84: RESTE A PAYER SUR CONTRAT | C84: Total fiche | E84: 16769252123 | F84: 571876480 | G84: 10865653124 | H84: 266586126 | I84: 5065136393 | J84: 0 | K84: 3282458671 | L84: 21518340178 | M84: =ROUND(F84*$B$3,0) -> 102937766 | N84: =ROUND(G84*$B$3,0) -> 1955817562 | O84: =ROUND(H84*$B$3,0) -> 47985503 | P84: =ROUND(I84*$B$3,0) -> 911724551 | Q84: =M84+N84 -> 2058755328 | R84: =O84+P84 -> 959710054 | S84: =Q84+R84-K84 -> -263993289 | T84: =IF(C84="Net à payer","",L84-E84-K84-IF(C84="Contrat",J84,0)) -> 1466629384
A86: Écarts > 5 XOF surlignés en rouge (les écarts de 1 à 3 XOF viennent des arrondis de la fiche). Écart TTC : non calculé pour les lignes « Net à payer » ; droits de douane intégrés au TTC uniquement sur la ligne Contrat.

Sheet Synthèse TVA
A1: SYNTHÈSE DE LA TVA PAR CATÉGORIE ET PAR ENTREPRISE (FCFA)
A2: Calculé par SOMME.SI.ENS sur l'onglet « Fiche décompte » (lignes « Net à payer » et totaux exclus).
A4: Catégorie | B4: Montant HT/HD | C4: TVA SERTEM État | D4: TVA SERTEM BOAD | E4: TVA DIASS État | F4: TVA DIASS BOAD | G4: TVA SERTEM | H4: TVA DIASS | I4: TVA totale éclatée | J4: TVA fiche | K4: Écart
A5: Avance démarrage | B5: =SUMIFS('Fiche décompte'!$E$8:$E$79,'Fiche décompte'!$C$8:$C$79,$A5) -> 5549400000 | C5: =SUMIFS('Fiche décompte'!$M$8:$M$79,'Fiche décompte'!$C$8:$C$79,$A5) -> 34961220 | D5: =SUMIFS('Fiche décompte'!$N$8:$N$79,'Fiche décompte'!$C$8:$C$79,$A5) -> 664263180 | E5: =SUMIFS('Fiche décompte'!$O$8:$O$79,'Fiche décompte'!$C$8:$C$79,$A5) -> 14983380 | F5: =SUMIFS('Fiche décompte'!$P$8:$P$79,'Fiche décompte'!$C$8:$C$79,$A5) -> 284684220 | G5: =SUMIFS('Fiche décompte'!$Q$8:$Q$79,'Fiche décompte'!$C$8:$C$79,$A5) -> 699224400 | H5: =SUMIFS('Fiche décompte'!$R$8:$R$79,'Fiche décompte'!$C$8:$C$79,$A5) -> 299667600 | I5: =G5+H5 -> 998892000 | J5: =SUMIFS('Fiche décompte'!$K$8:$K$79,'Fiche décompte'!$C$8:$C$79,$A5) -> 998892000 | K5: =I5-J5 -> 0
A6: Décompte | B6: =SUMIFS('Fiche décompte'!$E$8:$E$79,'Fiche décompte'!$C$8:$C$79,$A6) -> 10977747877 | C6: =SUMIFS('Fiche décompte'!$M$8:$M$79,'Fiche décompte'!$C$8:$C$79,$A6) -> 71868332 | D6: =SUMIFS('Fiche décompte'!$N$8:$N$79,'Fiche décompte'!$C$8:$C$79,$A6) -> 1365498339 | E6: =SUMIFS('Fiche décompte'!$O$8:$O$79,'Fiche décompte'!$C$8:$C$79,$A6) -> 26931397 | F6: =SUMIFS('Fiche décompte'!$P$8:$P$79,'Fiche décompte'!$C$8:$C$79,$A6) -> 511696551 | G6: =SUMIFS('Fiche décompte'!$Q$8:$Q$79,'Fiche décompte'!$C$8:$C$79,$A6) -> 1437366671 | H6: =SUMIFS('Fiche décompte'!$R$8:$R$79,'Fiche décompte'!$C$8:$C$79,$A6) -> 538627948 | I6: =G6+H6 -> 1975994619 | J6: =SUMIFS('Fiche décompte'!$K$8:$K$79,'Fiche décompte'!$C$8:$C$79,$A6) -> 1975994620 | K6: =I6-J6 -> -1
A7: Remb. avance démarrage | B7: =SUMIFS('Fiche décompte'!$E$8:$E$79,'Fiche décompte'!$C$8:$C$79,$A7) -> 2744436971 | C7: =SUMIFS('Fiche décompte'!$M$8:$M$79,'Fiche décompte'!$C$8:$C$79,$A7) -> 17967085 | D7: =SUMIFS('Fiche décompte'!$N$8:$N$79,'Fiche décompte'!$C$8:$C$79,$A7) -> 341374584 | E7: =SUMIFS('Fiche décompte'!$O$8:$O$79,'Fiche décompte'!$C$8:$C$79,$A7) -> 6732849 | F7: =SUMIFS('Fiche décompte'!$P$8:$P$79,'Fiche décompte'!$C$8:$C$79,$A7) -> 127924139 | G7: =SUMIFS('Fiche décompte'!$Q$8:$Q$79,'Fiche décompte'!$C$8:$C$79,$A7) -> 359341669 | H7: =SUMIFS('Fiche décompte'!$R$8:$R$79,'Fiche décompte'!$C$8:$C$79,$A7) -> 134656988 | I7: =G7+H7 -> 493998657 | J7: =SUMIFS('Fiche décompte'!$K$8:$K$79,'Fiche décompte'!$C$8:$C$79,$A7) -> 492328403 | K7: =I7-J7 -> 1670254
A8: Retenue de garantie | B8: =SUMIFS('Fiche décompte'!$E$8:$E$79,'Fiche décompte'!$C$8:$C$79,$A8) -> 548887396 | C8: =SUMIFS('Fiche décompte'!$M$8:$M$79,'Fiche décompte'!$C$8:$C$79,$A8) -> 3593417 | D8: =SUMIFS('Fiche décompte'!$N$8:$N$79,'Fiche décompte'!$C$8:$C$79,$A8) -> 68274918 | E8: =SUMIFS('Fiche décompte'!$O$8:$O$79,'Fiche décompte'!$C$8:$C$79,$A8) -> 1346570 | F8: =SUMIFS('Fiche décompte'!$P$8:$P$79,'Fiche décompte'!$C$8:$C$79,$A8) -> 25584826 | G8: =SUMIFS('Fiche décompte'!$Q$8:$Q$79,'Fiche décompte'!$C$8:$C$79,$A8) -> 71868335 | H8: =SUMIFS('Fiche décompte'!$R$8:$R$79,'Fiche décompte'!$C$8:$C$79,$A8) -> 26931396 | I8: =G8+H8 -> 98799731 | J8: =SUMIFS('Fiche décompte'!$K$8:$K$79,'Fiche décompte'!$C$8:$C$79,$A8) -> 98799732 | K8: =I8-J8 -> -1
A9: Acompte appro | B9: =SUMIFS('Fiche décompte'!$E$8:$E$79,'Fiche décompte'!$C$8:$C$79,$A9) -> 5549400000 | C9: =SUMIFS('Fiche décompte'!$M$8:$M$79,'Fiche décompte'!$C$8:$C$79,$A9) -> 34961220 | D9: =SUMIFS('Fiche décompte'!$N$8:$N$79,'Fiche décompte'!$C$8:$C$79,$A9) -> 664263180 | E9: =SUMIFS('Fiche décompte'!$O$8:$O$79,'Fiche décompte'!$C$8:$C$79,$A9) -> 14983380 | F9: =SUMIFS('Fiche décompte'!$P$8:$P$79,'Fiche décompte'!$C$8:$C$79,$A9) -> 284684220 | G9: =SUMIFS('Fiche décompte'!$Q$8:$Q$79,'Fiche décompte'!$C$8:$C$79,$A9) -> 699224400 | H9: =SUMIFS('Fiche décompte'!$R$8:$R$79,'Fiche décompte'!$C$8:$C$79,$A9) -> 299667600 | I9: =G9+H9 -> 998892000 | J9: =SUMIFS('Fiche décompte'!$K$8:$K$79,'Fiche décompte'!$C$8:$C$79,$A9) -> 998892000 | K9: =I9-J9 -> 0
A10: Remb. acompte appro | B10: =SUMIFS('Fiche décompte'!$E$8:$E$79,'Fiche décompte'!$C$8:$C$79,$A10) -> 1458755037 | C10: =SUMIFS('Fiche décompte'!$M$8:$M$79,'Fiche décompte'!$C$8:$C$79,$A10) -> 6999154 | D10: =SUMIFS('Fiche décompte'!$N$8:$N$79,'Fiche décompte'!$C$8:$C$79,$A10) -> 132983919 | E10: =SUMIFS('Fiche décompte'!$O$8:$O$79,'Fiche décompte'!$C$8:$C$79,$A10) -> 6129642 | F10: =SUMIFS('Fiche décompte'!$P$8:$P$79,'Fiche décompte'!$C$8:$C$79,$A10) -> 116463193 | G10: =SUMIFS('Fiche décompte'!$Q$8:$Q$79,'Fiche décompte'!$C$8:$C$79,$A10) -> 139983073 | H10: =SUMIFS('Fiche décompte'!$R$8:$R$79,'Fiche décompte'!$C$8:$C$79,$A10) -> 122592835 | I10: =G10+H10 -> 262575908 | J10: =SUMIFS('Fiche décompte'!$K$8:$K$79,'Fiche décompte'!$C$8:$C$79,$A10) -> 262575907 | K10: =I10-J10 -> 1
A12: TVA avance de démarrage restant à rembourser | B12: =B5-B7 -> 2804963029 | C12: =C5-C7 -> 16994135 | D12: =D5-D7 -> 322888596 | E12: =E5-E7 -> 8250531 | F12: =F5-F7 -> 156760081 | G12: =G5-G7 -> 339882731 | H12: =H5-H7 -> 165010612 | I12: =I5-I7 -> 504893343 | ... K12: =K5-K7 -> -1670254
A13: TVA acomptes appro restant à rembourser | B13: =B9-B10 -> 4090644963 | C13: =C9-C10 -> 27962066 | D13: =D9-D10 -> 531279261 | E13: =E9-E10 -> 8853738 | F13: =F9-F10 -> 168221027 | G13: =G9-G10 -> 559241327 | H13: =H9-H10 -> 177074765 | I13: =I9-I10 -> 736316092 | ... K13: =K9-K10 -> -1
A15: Nota : sur la ligne « Remb. avance démarrage » du décompte 01, la TVA de la fiche (31 599 292) ne correspond pas à 18 % du HT (33 269 543) — d'où l'écart de 1 670 251 XOF.
